username,id,displayname,followersCount,friendsCount,location
BJP4JnK,1864685238,BJP Jammu & Kashmir,86433,222,Jammu & Kashmir
GulabMatiala,2922933098,Gulab Singh,38727,716,"New Delhi, India"
guptaravinder71,2204739805,Ravinder Gupta üáÆüá≥,23358,1234,"Karol Bagh, New Delhi"
MaheishGirri,425973946,Maheish Girri,133913,657,"New Delhi, India"
shweta_shalini,2366619296,Shweta Shalini,22684,374,Mumbai
vinaymishra_aap,136552596,Vinay Mishra (MLA-Dwarka),8895,209,"New Delhi, India"
rshuklabjp,750556490369564672,Rajendra Shukla,56667,151,"Govt of Madhya Pradesh, India"
ShobhaBJP,194653745,Shobha Karandlaje,305979,1204,Udupi/Chikmagalur/Delhi
ShatruganSinha,2338104343,Shatrughan Sinha,757291,18,India
JSTomarAAP,2304967231,Jitender Singh Tomar AAP,13715,347,"New Delhi, India"
raosahebdanve,2609425938,Raosaheb Patil Danve,163774,251,Maharashtra
amaragrawalBJP,2264136505,Amar Agrawal,15569,88,"Bilaspur, India"
VanathiBJP,974143844,Vanathi Srinivasan,239670,542,"Coimbatore, India"
AamAadmiParty,711694309,AAP,5928357,267,India
nan,14802766,"Nan Palmero, MBA",8983,5494,"San Antonio, TX"
SachinPilot,2410755840,Sachin Pilot,3753172,97,Jaipur
BJP4Manipur,753125213206970368,BJP Manipur,65039,52,
AapKaGopalRai,951833706,Gopal Rai,420947,124,"Civil Line Area, New Delhi"
NayakRagini,2331591042,Dr. Ragini Nayak,426927,802,"Delhi, India"
PemaKhanduBJP,755271973278711808,Pema Khandu ‡Ωî‡Ωë‡æ®‡ºã‡Ωò‡ΩÅ‡Ω†‡ºã‡Ω†‡ΩÇ‡æ≤‡Ωº‡ºã‡ºç,239042,551,"Itanagar, India"
RituKhanduriBJP,1028186624218288128,Ritu Khanduri Bhushan,2602,146,"Yamkeshwar, India"
BJP4Maharashtra,532895350,‡§≠‡§æ‡§ú‡§™‡§æ ‡§Æ‡§π‡§æ‡§∞‡§æ‡§∑‡•ç‡§ü‡•ç‡§∞,456622,156,‡§Æ‡§π‡§æ‡§∞‡§æ‡§∑‡•ç‡§ü‡•ç‡§∞
sujit_thakurmlc,725780019813842944,Sujitsingh Thakur,11296,383,Osmanabad Mumbai
Swamy39,60937837,Subramanian Swamy,10648751,111,New Delhi
ImranHussaain,3088262505,Imran Hussain,32380,121,India
MSBADAL,228496534,Manpreet Singh Badal,36734,132,Punjab
NupurSharmaBJP,1357567292,Nupur Sharma,383074,1134,India
mehtahansal,29385549,Hansal Mehta,141978,373,India
ArvindKejriwal,405427035,Arvind Kejriwal,24545248,225,India
ShaleenMitra,808451126,Shaleen,13428,292,"Muzaffarnagar, India"
BhagwantMann,170396389,Bhagwant Mann,640415,243,"Planing Board Building, SNG"
SuryahSG,46427326,SG Suryah,89296,767,"Tamil Nadu, India"
advakash,143804608,Akash Fundkar,8337,523,khamgaon
AAPUttarakhand,3299350784,Aam Aadmi Party Uttarakhand,37678,64,UTTARAKHAND 
bjpnareshbansal,1297926962,Naresh Bansal,1907,256,Dehradun
DrMNPandeyMP,2436708865,Dr. Mahendra Nath Pandey,451038,680,Chandauli
TigerRajaSingh,541511214,Raja Singh,423228,26,Bhagyanagar (Hyderabad)
rajeshgupta,1022155261,MLA Rajesh Gupta,17965,614,"MLA Wazirpur, New Delhi, India"
GautamGambhir,99448420,Gautam Gambhir,12280235,141,
M_Lekhi,373410448,Meenakashi Lekhi,1742908,406,Delhi
vinitgoenka,24353544,Vinit Goenka,47969,541,"‡§®‡§à ‡§¶‡§ø‡§≤‡•ç‡§≤‡•Ä, ‡§≠‡§æ‡§∞‡§§"
bharatpandyabjp,443541186,Bharat Pandya,58273,272,Ahmedabad
HarishD_BJP,776685723906895872,Harish Dwivedi,83484,1613,"Basti, India"
Madhukeshwar,67854459,Madhukeshwar Desai,26817,984,India 
SharmaKhemchand,353225707,khemchand sharma #Brajwasi #RadheRadhe,46409,6825,"‡§®‡§à ‡§¶‡§ø‡§≤‡•ç‡§≤‡•Ä, ‡§≠‡§æ‡§∞‡§§"
siddharthanbjp,1002444215651979264,Siddharthan,71412,185,"New Delhi, India"
pvssarma,296879864,PVS Sarma,11084,243,Surat-Delhi
ganeshjoshibjp,2318873012,Ganesh Joshi,25863,132,Dehradun
GirishVyasBJP,885193506662363136,Girish Vyas,3569,174,"Nagpur, India Mumbai"
v_shrivsatish,901132112,V Satish,159239,43,India
kumari_selja,991946118404730880,Kumari Selja,146530,119,"New Delhi, India"
nityanandraibjp,3098336425,Nityanand Rai,130439,355,"Bihar, India"
AlongImna,1014700512212541442,Temjen Imna Along,13449,349,"Ministers Hill,  Kohima"
VMBJP,78312924,V Muraleedharan / ‡¥µ‡¥ø ‡¥Æ‡µÅ‡¥∞‡¥≥‡µÄ‡¥ß‡¥∞‡µª,84095,714,"Thiruvananthapuram, Keralam"
KunalChoudhary_,399437937,Kunal Choudhary,234611,870,"Bhopal, India"
BJPVinodSonkar,2436753176,Vinod Sonkar,59433,359,Kaushambi
rbsharmabjp,2572699674,Ram Bilas Sharma,94480,499,Mahendragarh
AnilShiroleBJP,2305992150,Anil Shirole,84620,497,"Pune , India"
RaajKumarAnand1,1110067202705649664,Raaj Kumar Anand AAP MLA,3300,733,"New Delhi, India"
BharatendraBJP,721327670563315712,Bharatendra Singh,2224,142,"Bijnor, India"
BJYM,53075131,BJYM,536282,127,New Delhi
kamalsharmabjp,1512642913,Kamal Sharma,8517,472,Ferozepur
Jaggesh2,1225924610,‡≤®‡≤µ‡≤∞‡≤∏‡≤®‡≤æ‡≤Ø‡≤ï ‡≤ú‡≤ó‡≥ç‡≤ó‡≥á‡≤∂‡≥ç,761726,31,"Malleshwaram, Bangalore, India"
IYC_UPEast,2837608454,UP East Youth Congress,49763,396,"Uttar Pradesh, India"
RamvicharNetam,2586950894,Ramvichar Netam,20300,865,"Raipur, India"
INCIndia,1153045459,Congress,8462985,2348,"New Delhi, India"
drdhansinghuk,2706521196,Dr.Dhan Singh Rawat,32346,59,"Dehradun, India"
SatyendarJain,362506755,Satyendar Jain,256472,119,Delhi
INCHaryana,1882052538,Haryana Congress,134547,149,Haryana
AjayLalluINC,2860160384,Ajay Kumar Lallu,215830,562,Tamkuhi/Lucknow
BJP4UP,2220938808,BJP Uttar Pradesh,3358792,111,"Lucknow, India"
subhashbrala,1490368598,Subhash Barala,106958,313,Tohana/ Chandigarh
HarishKhuranna,1722800118,Harish Khurana,39416,816,Delhi
SbhagatBJP,3108133766,Sudarshan Bhagat,12263,379,"Gumla, India"
BJP4India,207809313,BJP,17942883,3,"6-A, Deen Dayal Upadhyay Marg,"
RahulGandhi,3171712086,Rahul Gandhi,20134497,279,"12, Tughlak Lane, New Delhi"
ombirlakota,190351028,Om Birla,552837,284,
srinivasiyc,576533046,Srinivas BV,502704,12146,India
BJP4Punjab,1848033674,BJP PUNJAB,73639,483,"Chandigarh, India"
BJP4Jharkhand,2807393784,BJP JHARKHAND,152390,200,RANCHI JHARKHAND
RahulSinhaBJP,3309660205,Rahul Sinha ‚óè ‡¶∞‡¶æ‡¶π‡ßÅ‡¶≤ ‡¶∏‡¶ø‡¶®‡¶π‡¶æ,86637,1266,‡¶™‡¶∂‡ßç‡¶ö‡¶ø‡¶Æ‡¶¨‡¶ô‡ßç‡¶ó
SushmaSwaraj,219617448,Sushma Swaraj,12950745,0,"New Delhi, India"
AjayTamtaBJP,749829178594193408,Ajay Tamta,24120,125,"Delhi, India"
AAPNareshBalyan,3283582405,MLA Naresh Balyan,33835,1248,
vikaskyogi,846897578,Vikas Yogi,56374,493,New Delhi
cpjoshiBJP,2676090294,C. P. Joshi,46498,364,Chittorgarh
KalrajMishra,254937160,‡§ï‡§≤‡§∞‡§æ‡§ú ‡§Æ‡§ø‡§∂‡•ç‡§∞ (Kalraj Mishra),337921,5,"Uttar Pradesh, India"
JPNadda,2990611686,Jagat Prakash Nadda,2774137,220,New Delhi
AshwiniBJP,2228272268,Ashwini Upadhyay,1659,161,"New Delhi, India"
VinodChavdaBJP,2309409103,Vinod Chavda üáÆüá≥,120401,1596,"Bhuj, India"
ShahnawazBJP,350128848,Syed Shahnawaz Hussain,1918294,1057,"New Delhi, India"
mepratap,113568312,Pratap Simha,361243,926,Mysuru-Kodagu(Coorg) 
Virenderbjp,741220385773883392,Virender Kashyap,5012,331,Shimla
BJPSanjayJoshi,1664992976,Sanjay Vinayak Joshi,58115,1240,India
mukeshpatelmla,409218445,Mukesh Patel,19073,1385,Surat Gujarat
AjitSinghRathi,798149658283388928,Ajit Singh Rathi,2168,39,"Dehradun, India"
rakeshshahMLA,1210663754,Rakesh Shah,15251,102,"Ahmadabad City, India"
VijayGoelBJP,459849561,Vijay Goel,548349,286,72 Babar Road Bengali market .
rajnathsingh,1346439824,Rajnath Singh,21892919,525,
IYC,16293020,Youth Congress,1213558,585,India
Sunil_Deodhar,735095544,Sunil Deodhar,211697,1205,New Delhi
GaneshSingh_in,2526662419,Ganesh Singh,46669,294,"Satna, Madhya Pradesh, India"
kishanreddybjp,160509668,G Kishan Reddy,307327,764,"Hyderabad, Telangana."
BJP4Gujarat,385909720,BJP Gujarat,1543114,153,"Gandhinagar,Gujarat"
NarinderBragta,347822605,Narinder Bragta,4361,88,Shimla
rohanrgupta,336088096,Rohan Gupta,274772,1864,
PonnaarrBJP,861656581,Pon Radhakrishnan,299849,556,New Delhi/Kanniyakumari
sachin_inc,289314809,Sachin Sawant ‡§∏‡§ö‡§ø‡§® ‡§∏‡§æ‡§µ‡§Ç‡§§,114425,807,Mumbai
nkishoreyadav,1722409230,Nand Kishore Yadav,268237,288,patna
mansukhmandviya,432697203,Dr Mansukh Mandaviya,450434,718,"Gandhinagar, Delhi"
bjpdilippatel,1608548923,Dilip Patel üáÆüá≥,21642,872,"Karamsad, Anand, India"
pranavINC,1610087438,pranav jha,29934,1015,"Jharkhand, India.      "
ChaudhryShankar,1617123242,Shankar Chaudhary,538708,213,"Gujarat, India"
SatyaPalJain,220972363,Satya Pal Jain,9613,981,Chandigarh
dpradhanbjp,1897514666,Dharmendra Pradhan,1717366,1703,Delhi/Odisha/India
Hemaram_INC,1003201143000817664,Hemaram Choudhary,113431,96,"Gudamalani, India"
BJP4Mizoram,758217962176282624,BJP Mizoram,31519,46,
BJP4Haryana,287602729,Haryana BJP,233604,209,"Haryana, India"
PankajSinghBJP,2251647198,Pankaj Singh,636049,323,India
BJPLive,486711396,BJP LIVE,729785,199,
BJP4TamilNadu,396707695,BJP Tamilnadu,450532,253,"Tamil Nadu, India"
aapkaprithvi,4036602132,Prithvi Reddy,23702,35,"Karnataka, India"
MPRakeshSingh,2789633743,Rakesh Singh,234405,464,"Jabalpur, India"
pradipsinhbjp,431469382,Pradipsinh Vaghela,376473,2578,Ahmedabad
BJP4CGState,1698414426,BJP Chhattisgarh,119457,165,
jhaprabhatbjp,2940878702,Prabhat Jha,145481,354,Delhi
girirajsinghbjp,1642669674,Shandilya Giriraj Singh,1661369,1304,"Bihar, India"
CHARANJITCHANNI,213223745,Charanjit S  Channi,240735,41,MLA SHRI CHAMKAUR SAHIB PUNJAB
Tarunvijay,13508182,Tarun Vijay ‡Æ§‡Æ∞‡ØÅ‡Æ£‡Øç ‡Æµ‡Æø‡Æú‡ÆØ‡Øç ‡§≠‡§æ‡§∞‡§§ ‡§ï‡•á ‡§µ‡•Ä‡§∞ ‡§∏‡•à‡§®‡§ø‡§ï‡•ã‡§Ç ‡§ï‡•Ä ‡§ú‡§Ø,148332,1948,Dehradun/Delhi. 
AdilKhanAAP,414588379,Adil Ahmad Khan,10737,406,"New Delhi, India"
LKBajpaiBJP,1366219417,Dr. Laxmikant Bajpai,35259,286,"Meerut, India"
SwatiJaiHind,281902422,Swati Maliwal,408006,420,"New Delhi, India"
dangarbharat,152163609,Dr. Bharat Dangar,42747,523,"Vadodara, Gujarat, India"
BJP4Assam,1858339356,BJP Assam Pradesh,145188,187,"Hengrabari, Guwahati, Assam"
RadhamohanBJP,2213932272,Radha Mohan Singh,423915,263,India
KiritSomaiya,348988523,Kirit Somaiya,336528,23,"Mumbai, Maharashtra"
Saurabh_MLAgk,2890506943,Saurabh Bharadwaj,184871,270,"Greater Kailash,New Delhi"
digvijaya_28,371730289,digvijaya singh,1250560,127,Delhi
KumarMehraulia,1257200615781838849,Rohit Kumar Mehraulia MLA,4018,311,
bjpsamvad,194017030,‡§≠‡§æ‡§ú‡§™‡§æ ‡§∏‡§Æ‡•ç‡§µ‡§æ‡§¶,318464,417,
sunilbansalbjp,746964130637066241,Sunil Bansal,1100149,317,"Lucknow, India"
DarshanaJardosh,143388401,Darshana Jardosh,134102,540,"Surat, Gujarat, India"
jitupatwari,223080911,Jitu Patwari,915566,297,"Indore, Madhya Pradesh"
AapsaritaSingh,2241177373,Sarita Singh,33591,217,Delhi
rohit_chahal,117110269,ROHIT CHAHAL,86956,4689,"Delhi, India, Bharat "
BJP4Delhi,337065278,BJP Delhi,1103664,72,New Delhi
bjpcpsingh,2187991476,CP Singh,33153,149,Ranchi
ipathak25,880641566,Durgesh Pathak,92135,234,Delhi
r0h1n,198795374,Rohin Dharmakumar,25715,42,"Bengaluru, India"
rpsinghkhalsa,45795876,RP Singh National Spokesperson BJP,21331,1186,NEW DELHI
BJP4Chapra,912215065192939520,BJP SARAN (Chapra),5043,100,"Chhapra, India"
Avadhutwaghbjp,979795484,Avadhut Wagh ‡§Ö‡§µ‡§ß‡•Ç‡§§ ‡§µ‡§æ‡§ò,32965,1265,on Mother Earth
priyankagandhi,1094645942735855618,Priyanka Gandhi Vadra,4696509,192,"New Delhi, India"
VijayaRahatkar,2378726604,Vijaya Rahatkar,51419,373,"Delhi, Mumbai, Aurangabad..."
tsrawatbjp,1853680447,Trivendra Singh Rawat,297410,113,‡§â‡§§‡•ç‡§§‡§∞‡§æ‡§ñ‡§Ç‡§° 
upadhyaysbjp,537465783,Satish Upadhyay,110759,880,"New Delhi, India"
atnanapatilmp,1621623402,A T Nana Patil M P,11391,1238,Jalgaon
rajeevbindal,242203794,Dr. Rajeev Bindal,11947,22,"Nahan, India"
ManojTiwariMP,3314976162,Manoj Tiwari üáÆüá≥,1589728,1225,"Delhi, India"
PiyuK,50228660,Priya Kapoor üáÆüá≥,22313,2467,New Delhi
MukeshBhakar_,1597719445,Mukesh Bhakar,194432,188,"Ladnun, Nagaur, Rajasthan"
NSaina,1196254680,Saina Nehwal,8550989,614,India
drashokuike_mla,760886225997791232,Dr.Ashok Uike,6558,351,"Ralegaon, India"
PMuralidharRao,19438384,P Muralidhar Rao,222492,201,
BJP4Himachal,775379648,BJP Himachal Pradesh,144661,276,Shimla
DrKathiria,480506865,Dr.Vallabh Kathiria,10521,741,Rajkot
mpharishchandra,875266297365266433,Harishchandra Chavan,1864,259,"Dindori, India Mumbai Delhi"
Madhavbhandari_,779170926332108800,Madhav Bhandari,17070,206,"Maharashtra, India"
ramkripalmp,3801199098,Ram Kripal Yadav,155113,896,New Delhi
SunilAmbekarM,131494281,Sunil Ambekar,68483,58,"Hyderabad, India"
TIRATHSRAWAT,791889915025829888,Tirath Singh Rawat,111534,182,"Dehradun, India"
BajpaiDeepak,114955836,Deepak Bajpai,23582,813,"Delhi, India"
narendramodi,18839785,Narendra Modi,76675160,2431,India
SureshRanaBJP,804965481362780160,Suresh Rana,131494,290,"Lucknow , Thana Bhawan"
aaprajeshrishi,3229635290,Rajesh Rishi MLA Janakpuri,11151,269,"New Delhi, India"
VineetTNIE,135590376,Vineet Upadhyay,1481,2479,"Dehradun, India"
sureshkpujari,625536118,Suresh Pujari,37793,452,"Sambalpur, India"
Janardan_BJP,4034543546,Janardan Mishra,32146,124,"Rewa, India"
ajrajbjp,3191800021,Avinash Joshi,39326,394,"Jaipur, India"
AAPDelhi,2299699574,Aam Aadmi Party Delhi,245136,224,Delhi
PrakashPantBjp,578803665,Chandra Prakash Pant,17741,1044,"Uttarakhand, India"
RavneetBittu,288623057,Ravneet Singh Bittu,41367,111,New Delhi
AAPPunjab,3320822658,AAP Punjab,176003,106,
DilipGhoshBJP,4743651972,Dilip Ghosh,359465,118,"Paschim Banga, India"
BalaBhegade,2873236182,Bala Bhegade- ‡§¨‡§æ‡§≥‡§æ ‡§≠‡•á‡§ó‡§°‡•á,3158,365,"Maval, India Mumbai"
KPGBJP,2941721204,Krishan Pal Gurjar,134758,583,Faridabad
BJP4Nagaland,753128018764242946,BJP Nagaland,61245,40,"Nagaland, India"
AmitThakerBJP,98659965,Amit Thaker,213953,846,ahmedabad
mpvadodara,2890923547,Ranjan Bhatt (MP),45194,172,"Gujarat, India"
NirmalSinghBJP,1543482600,Dr Nirmal Singh,24307,595,"Jammu, Jammu And Kashmir"
BjpBiplab,725003596811620353,Biplab Kumar Deb,225194,215,Tripura
avinashpandeinc,1240972140,Avinash Pande,109537,323,"New Delhi, India"
BSYBJP,54936590,B.S. Yediyurappa,1059909,155,"Bengaluru, India"
kgahlot,138654777,Kailash Gahlot,69717,230,"New Delhi, Delhi"
IshwarParmarMLA,729749154356826112,ùêàùê¨ùê°ùê∞ùêöùê´ ùêèùêöùê´ùê¶ùêöùê´,27465,858,"Bardoli, India"
TheArvindPandey,859287738922577921,Arvind Pandey,21323,331,Gadarpur/Dehradun Uttarakhand
AlamTauquirJNU,68651940,Tauquir Alam ‡§§‡•å‡§ï‡•Ä‡§∞ ‡§Ü‡§≤‡§Æ,20842,2202,Katihar Bihar & Delhi
JarnailSinghAAP,183516653,Jarnail Singh,74968,290,"Tilak Nagar, New Delhi"
aniljaindr,250677217,Dr. Anil Jain,126549,781,"New Delhi,India"
Tejasvi_Surya,390677061,Tejasvi Surya,1111444,1203,"Bengaluru, India"
shivprakashbjp,3042900133,Shivprakash,560354,640,"6A, Deen Dayal Marg, New Delhi"
BJP4Goa,758216347486720000,BJP Goa,69934,52,
DrHeena_Gavit,2894041754,Dr. Heena Gavit,13514,224,"Nandurbar, India"
Medha_kulkarni,2689206181,Dr. Medha Kulkarni,37489,94,"Pune, India"
bjpprakashmehta,2411128315,Prakash Mehta,13904,176,"Mumbai, India"
RajivPratapRudy,166665752,Rajiv Pratap Rudy,695175,828,"Delhi, Patna"
Pankajbhaidesai,481336457,Pankajkumar Desai,72761,341,"Nadiad, Gujarat (India)"
Ch_AnilKumarINC,1522131686,Anil Chaudhary,52310,635,"Patparganj, Delhi"
rajnipatel_mla,2892882140,Rajni Patel,37694,246,Gandhinagar
sadafjafar,78940377,Sadaf Jafar,38363,7651,"Lucknow, India"
raghav_chadha,98815583,Raghav Chadha,646344,640,"New Delhi, India"
IndrajGurjarinc,997120765169356800,Indraj Gurjar,83965,191,"Viratnagar, Jaipur"
SanjayDhotreMP,4852404527,Sanjay Dhotre,34587,503,"New Delhi, Delhi"
RahulKaswanMP,2549576851,Rahul Kaswan,53733,486,New delhi
OPSharmaBJP,1948925953,Om Prakash Sharma,6886,309,"New Delhi, India"
jigar_inamdar,85101713,Dr Jigar Inamdar,15282,1598,"Vododara, India"
ValmikiNaik,4809020384,Valmiki Naik üáÆüá≥,4604,686,"Goa, India"
BJP4DamanDiu,741180647624974336,BJP Daman Diu,42470,86,
ahir_hansraj,1616964661,Hansraj Ahir,77720,595,india
SSAhluwaliaMP,220625887,SS Ahluwalia,39469,1322,India
TapirGao,225649833,Tapir Gao,10404,309,Arunachal Pradesh
sambitswaraj,1368737382,Sambit Patra,5941639,601,Delhi
abhilashBJPmp,743130288151089153,Dr. Abhilash Pandey,108733,370," Madhya Pradesh, India"
mohitbharatiya_,328561692,Mohit Kamboj Bharatiya - ‡§Æ‡•ã‡§π‡§ø‡§§ ‡§ï‡§Ç‡§¨‡•ã‡§ú ‡§≠‡§æ‡§∞‡§§‡•Ä‡§Ø,91881,1470,Amritsar - Varanasi - Mumbai 
OmMathur_bjp,774949777951690752,Om Prakash (Om ji ) Mathur,466950,102,India
vijayrupanibjp,627355202,Vijay Rupani,3102390,248,Gandhinagar 
DrRutvij,1110805057,Dr. Rutvij Patel,410788,324,Karnavati
LalluSinghBJP,2537171173,Lallu Singh,44665,476,"‡§Ö‡§Ø‡•ã‡§ß‡•ç‡§Ø‡§æ, ‡§≠‡§æ‡§∞‡§§"
BJP4Telangana,758217523506667520,BJP Telangana,190789,79,
rajengohainbjp,768633485175119872,Rajen Gohain,11502,110,"New Delhi, India"
AjaybhattBJP4UK,754223821641674752,Ajay Bhatt,31036,526,India
npanchariyabjp,2907867037,Narayan Lal Panchariya,10235,108,New Delhi
parag_alavani,2332283713,parag alavani,8654,636,
AdvRajendraPal,2475514591,Rajendra Pal Gautam,53787,542,"New Delhi, India"
BJPShivPShukla,1943733722,Shiv Pratap Shukla,35865,400,"New Delhi, India"
balbirpunj,369570414,Balbir Punj,9605,184,India
Dev_Fadnavis,137780376,Devendra Fadnavis,5209064,51,"Maharashtra State,India"
BJP4UK,2229508381,BJP Uttarakhand,138152,121,Dehradun
MADANLALAAP,3221753772,MADAN LAL MLA,5787,172,"Kotla Mubarakpur, New Delhi"
ShelarAshish,946041348,Adv. Ashish Shelar - ‡•≤‡§°. ‡§Ü‡§∂‡§ø‡§∑ ‡§∂‡•á‡§≤‡§æ‡§∞,267654,645,Mumbai
RamniwasGawriya,4838791572,Ramniwas Gawriya,167039,383,"Parbatsar, India"
khadseraksha,2413574533,Raksha Khadse,48574,200,Muktainagar
tinkuroybjp,732127554585264128,Tinku Roy üáÆüá≥,7037,222,"Tripura, India"
ShainaNC,135782269,Shaina Chudasama Munot,216044,160,Mumbai
epanchjanya,381630294,Panchjanya,143499,96,Delhi
anil_baluni,1628406374,Anil Baluni,57208,64,"New Delhi, India"
gauravbh,59112159,Gaurav Bhatia ‡§ó‡•å‡§∞‡§µ ‡§≠‡§æ‡§ü‡§ø‡§Ø‡§æ üáÆüá≥,526604,388,"New Delhi, India"
PChidambaram_IN,3097503906,P. Chidambaram,1719282,9,
harjotbains,304156373,Harjot Singh Bains,26021,1998,Anandpur Sahib 
nsui,16323656,NSUI,473928,273,"5 A, Raisina Road, New Delhi"
drashwathcn,2885971046,Dr. Ashwathnarayan C. N.,264968,332,Bengaluru
VarshabenDoshi,478322676,Varsha DoshiüáÆüá≥,76765,1696,Surendranagar (Gujarat)
nitin_gadkari,97217966,Nitin Gadkari,10224236,448,
DrSushilKrGupta,949933915749396480,Dr Sushil Gupta,20967,215,"New Delhi, India"
khushsundar,122959195,KhushbuSundar or NakhatKhan,1393361,839,
SheikhAamir_inc,3053479483,Sheikh Aamir,3921,959,Jammu And Kashmir
TajinderBagga,85462891,Tajinder Pal Singh Bagga,853589,8891,"New Delhi, India"
amal_mahadik,900630946357010437,Amal Mahadik,5500,176,"Kolhapur, India"
AtishiAAP,361301678,Atishi,410345,526,
Narwal_inc,852869933650198529,Pradeep Narwal,16253,220,India
SantoshRanjan_,1607327322,Santosh Ranjan Rai,41082,5667,Patna-Buxar-Ballia-Delhi......
HardikPatel_,756108545859448832,Hardik Patel,1820585,299,"Gujarat, India"
MPLodha,1479387656,Mangal Prabhat Lodha,33522,287,"Mumbai, Maharashtra"
NalinSKohli,1150201302,Nalin Kohli,39568,132,"Delhi, India"
VasundharaBJP,1288175774,Vasundhara Raje,4726072,219,
JVSinghINC,2616817675,Jaivardhan Singh,247957,375,"Bhopal, Madhya Pradesh"
bhupendrasingho,725260382625894402,Bhuppendra Siingh,135719,129,"Sagar, India"
kanhaiyakumar,2584552812,Kanhaiya Kumar,3458344,116,"Patna and New Delhi, India"
iPankajShukla,285101065,Dr. Pankaj Shukla,250054,4088,Ahmedabad
devusinh,591850159,Devusinh Chauhan,60391,415,"Nadiad, Gujarat"
SarojPandeyBJP,1423007816,Saroj Pandey,116687,320,Durg/New Delhi
GVLNRAO,67802523,GVL Narasimha Rao,126369,53,INDIA
svaradarajan,21014078,Siddharth,658285,1451,"New Delhi, India"
AshaKumariINC,869520978480582658,Asha Kumari,35593,57,"Dalhousie, India"
AAPUttarPradesh,1101744014,Aam Aadmi Party- Uttar Pradesh,91947,181,Uttar Pradesh
SudhanshuBJP,171467534,Sudhanshu Mittal,49094,565,"New Delhi, India"
PreetiSMenon,988858957,Preeti Sharma Menon,110315,275,"Mumbai, India"
BJP4Odisha,1013243604,BJP Odisha,168038,303,Odisha
Barmer_Harish,1722765919,Harish Chaudhary,128601,106,"Barmer-Jaisalmer, Rajasthan"
vijaypathakbjp,218036286,Vijay Bahadur Pathak,67813,126,"Uttar Pradesh, India"
BJP4Bengal,2984417534,BJP Bengal,370620,155,"Kolkata, West Bengal"
ColAjayKothiyal,1384008958621356043,"Col Ajay Kothiyal, KC, SC, VSM (R.)",34117,5,Uttarakhand
jayanta_malla,141610194,Jayanta Mallabaruah,74977,105,"Assam, India"
bansidharbhagat,1211528429020971009,Bansidhar Bhagat,10095,138,
vijeshlunawat,408331737,Vijesh Lunawat,44456,947,Bhopal M.P.
SudhirParweMLA,746984421497020417,Sudhir Parwe üáÆüá≥,18599,195,"Umred, Maharashtra"
KirronKherBJP,2395668313,Kirron Kher,428382,1248,"Chandigarh, New Delhi"
rekhaaryaoffice,889436485895598080,Rekha Arya,20407,272,"Dehradun, India"
INCUttarPradesh,1906974517,UP Congress,515505,556,"Uttar Pradesh, India."
vijaypalbjp,726392163660079104,Vijaypal Singh Tomar,9442,397,"New Delhi, India"
Gupta_vijender,1054143836,Vijender Gupta,163800,446,
Dattatreya,3261056648,Bandaru Dattatreya,72612,214,India
OfficeOfKNath,724205574565466112,Kamal Nath,1265466,85,"Madhya Pradesh, India"
TheAshokSinghal,145874163,Ashok Singhal,28598,323,"Guwahati, India"
IKJadejaBJP,416542960,I.K.JADEJA,182117,957,"GANDHINAGAR, GUJARAT "
harishrawatcmuk,2431635092,Harish Rawat,384397,1691,Uttarakhand 
KuldeepKumarAAP,3238709533,MLA Kuldeep Kumar,10777,642,"New Delhi, India"
Shabdsharanbjp,78920095,Shabdsharan Brahmbhatt,23558,398,
Bunty_Bhangdiya,2913325168,Bunty Bhangdiya (Kirti Kumar),2888,306,Chimur Nagpur Mumbai
UrsPMR,759002871836717057,Pydikondala Manikyala Rao,4851,943,Tadepalligudem
BJP4Tripura,758219083833831424,BJP Tripura,81070,149,"Tripura, India"
AmitChavdaINC,769522958486437888,Amit Chavda,85542,348,"Gujarat, India"
mukeshahlawatap,422075698,Mukesh Ahlawat,20315,406,"Sultanpur Majra , Delhi"
sanjaynirupam,20427494,Sanjay Nirupam,433685,1059,Mumbai
warispathan,2912585790,Waris Pathan,332014,495,Mumbai
ShakeelkhanINC,1157183368594743296,Dr. Shakeel Ahmad Khan,5352,62,"Katihar, India"
ArunSinghbjp,1921946424,Arun Singh,159048,139,Uttar Pradesh
ShyamSJaju,1552839182,Shyam Jaju,79969,177,
Aap_Praveen,2214539600,Praveen Kumar,24107,588,"Jangpura, New Delhi"
anupmajaisbjp,843386813171490817,Anupma Jaiswal,489081,31,"Lucknow, India"
SanjayTandonBJP,382812503,Sanjay Tandon üáÆüá≥,28272,353,"Chandigarh, India"
INCMP,3257583379,MP Congress,1063044,232,"Bhopal, India"
BJP4Lakshadweep,753133585767489536,BJP Lakshadweep,43709,38,"Lakshadweep, India"
AnupamTrivedi26,56083718,Anupam Trivedi,1824,717,"Dehradun, India"
dpkBopanna,3241091575,Deepak Bopanna,6300,331,"Bengaluru, India"
RamaDeviBJP,258319519,RamaDevi,9089,149,New Delhi / Bihar
naqvimukhtar,287156977,Mukhtar Abbas Naqvi,1269831,390,India
PCMohanMP,2166444230,P C Mohan,91265,1458,Bengaluru
rajeshchudasma,748169877089726464,Rajesh Chudasama,28646,674,"Junagadh,Gujarat,India"
satpalsattibjp,726018260907360257,Satpal Singh Satti,49845,162,"Una, Himachal Pradesh"
BJP4DnNH,741176277592219648,BJP Dadra and Nagar Haveli & Daman and Diu,43160,36,"Dadra And Nagar Haveli, India"
BJP4Arunachal,1853325038,BJP ArunachalPradesh,61323,188,Itanagar
AshishSainram,120123219,Ashish Chauhan,47652,881,"Shimla/Mumbai, India"
RKSinhaBJP,3299307066,"RK Sinha, Founding Member, BJP",84145,27,"New Delhi, Delhi"
jayantsinha,17850606,Jayant Sinha,343667,445,India
KailashOnline,439154852,Kailash Vijayvargiya,1717466,2096,Delhi
LavekarBharati,755306754926313472,Dr. Bharati Lavekar,20088,554,"Mumbai, India"
sriramulubjp,2926777939,B Sriramulu,149293,122,
drdineshbjp,4208714065,Dr Dinesh Sharma BJP,2319699,280,"Uttar Pradesh, Lucknow"
ABVPVoice,301382741,ABVP,276165,160,"Mumbai, India"
RahulMhambre,815622985939816448,Rahul Mhambre,4385,155,Goa
Vinay1011,44667113,Dr. VINAY Sahasrabuddhe,165208,674,"New Delhi & Thane,Maharashtra"
zankhanabenbjp,497766595,Zankhanaben Patel,50041,376,Surat
amitmalviya,95588504,Amit Malviya,602971,670,"Delhi, Prayagraj, Kolkata"
RajBabbar23,2393674370,Raj Babbar,775367,135,India
bhikhubhaidbjp,2547602874,Bhikhubhai Dalsaniya,171007,23,"Gandhinagar, India"
brinderdhillon,137433560,Brinder,5578,141,chandigarh
Parinayfuke,900946980053991425,Dr Parinay Fuke,7782,149,"Nagpur, India Mumbai"
sunilkjakhar,3153134184,Sunil Jakhar,58375,69,"Punjab, India"
IACAbhi,1391854105,Abhishek Gupta,21859,1508,"New Delhi, India"
rameshwar4111,970475575,Rameshwar Sharma,108979,1793,"Bhopal, India"
AmitShah,1447949844,Amit Shah,28790936,305,
Palamvidhansabh,781342582592851968,Bhavna Gaur - MLA Delhi,3189,75,"New Delhi, India"
AAPGoa,2245097203,Aam Aadmi Party Goa,42652,335,Goa
gopalkagarwal,321380775,Gopal Krishna Agarwal,32689,834,noida
BJP4Bihar,758215424622391296,BJP Bihar,363102,67,
DilipGandhiMP,2175963973,Dilip Gandhi,3586,463,Ahmednagar
gssjodhpur,2371536685,Gajendra Singh Shekhawat,456960,538,"Jodhpur, Rajasthan"
BJP4Rajasthan,1320141312,BJP Rajasthan,718880,126,"Jaipur, India"
kuljeetschahal,3236480554,Kuljeet Singh Chahal üáÆüá≥,96165,1131,"New Delhi, India"
krishnakhopde,882811280599519232,Krishna Khopde,6497,149,"Nagpur, India"
fskulaste,710127509946236928,Faggan Singh Kulaste,31744,798,India
SunilPDeshmukh,310807353,Dr. Sunil Deshmukh,6986,56,"Amravati, Maharashtra (India)"
BJP4Sikkim,758219947067731968,BJP Sikkim,51170,51,
p_sahibsingh,477500631,Parvesh Sahib Singh,217760,116,"New Delhi, India"
sanghaviharsh,171355391,Harsh Sanghavi,498404,3190,Gujarat
bjpramswaroop,2418493507,Ram Swaroop Sharma,27321,112,India
AshokGoelBJP,202552918,Ashok Goel,56763,2165,"New Delhi, India"
mangalpandeybjp,1403858670,Mangal Pandey,465987,318,Patna
SanjayAzadSln,328941811,Sanjay Singh AAP,1869561,460,Delhi / Sultanpur UP
AnilSole1,777049636469149696,Prof Anil Sole,5658,168,"Mumbai, India Nagpur"
yadavakhilesh,57948579,Akhilesh Yadav,16201011,23,"Lucknow, India"
blsanthosh,1065563383,B L Santhosh,374650,331,"New Delhi, India"
BJP4Karnataka,25123615,BJP Karnataka,453850,168,"Karnataka, India"
ChDadaPatil,2760043614,Chandrakant Patil,230482,221,"Maharashtra, India"
Sukhjinder_INC,1139588035278860288,Sukhjinder Singh Randhawa,27462,18,"‡§°‡•á‡§∞‡§æ ‡§¨‡§æ‡§¨‡§æ ‡§®‡§æ‡§®‡§ï, ‡§≠‡§æ‡§∞‡§§"
Manekagandhibjp,2766064128,Maneka Sanjay Gandhi,261819,112,"New Delhi, India"
byadavbjp,391901721,Bhupender Yadav,489668,936,New Delhi
anupamtr,107680763,Anupam Trivedi,15221,1405,Dehradun 
DrSubhashMoS,762611668681568257,Dr. Subhash Bhamre,44770,1265,New Delhi
VandanaSsingh,356819503,Vandana Singh,46195,493,"Bulandshahar- New Delhi, India"
msisodia,30417501,Manish Sisodia,3091600,290,Delhi
SunilSingh_BJP,2787891476,Sunil Kumar Singh ‡§∏‡•Å‡§®‡•Ä‡§≤ ‡§ï‡•Å‡§Æ‡§æ‡§∞ ‡§∏‡§ø‡§Ç‡§π,14411,656,"Chatra, Jharkhand"
BhatkhalkarA,726417797048373248,Atul Bhatkhalkar,81577,381,"Kandivali East, Mumbai"
madhurimisal,1667857622,Madhuri Misal,23817,949,"Pune,India"
BJP4MP,1618490684,BJP MadhyaPradesh,952173,256,"Bhopal, MadhyaPradesh"
BJP4Meghalaya,758217021918179328,BJP Meghalaya,56757,46,
imBhupendrasinh,613537399,Bhupendrasinh Chudasama,477851,473,"Gandhinagar, Gujarat."
Ramlal,2198269460,‡§∞‡§æ‡§Æ‡§≤‡§æ‡§≤,561569,444,"‡§®‡§à ‡§¶‡§ø‡§≤‡•ç‡§≤‡•Ä,‡§≠‡§æ‡§∞‡§§"
Rajkumari_AAP,927958196173410304,Rajkumari Dhillon,3912,202,Delhi 
PavanRanaRSS,2398991408,Pavan Rana,38005,148,"‡§π‡§ø‡§Æ‡§æ‡§ö‡§≤ ‡§™‡•ç‡§∞‡§¶‡•á‡§∂, ‡§≠‡§æ‡§∞‡§§"
IYCPunjab,3168378830,Punjab Youth Congress,31824,595,"Chandigarh, India"
swatantrabjp,2231471756,Swatantra Dev Singh,1259695,435,"Lucknow, India"
madankaushikbjp,866986207648940033,Madan Kaushik,32194,292,"Haridwar, India"
BJP4AnN,741171197342187521,BJP Andaman Nicobar,43913,44,
SureshHalwankar,377414975,Suresh Halwankar,7193,380,Ichalkaranji
SBhttachrya,3514100534,SiddharthaBhttachrya,50540,51,"Guwahati, India"
bjpdrmahendra,4678601036,Dr. Mahendra Singh,379888,444,"Lucknow, India"
MSufiSaint,480457324,Dr Sufi M K Chishty,21178,557,"Founder: Ummah TV, UK"
jitu_vaghani,482203628,Jitu Vaghani,472726,632,"Gujarat, India"
PrakashJarwal,2330743303,"Prakash Jarwal, MLA",7160,257,"Tigri, Delhi"
BJP4Keralam,2297438462,BJP KERALAM,99058,86,
BJP4Andhra,3308534123,BJP ANDHRA PRADESH,104845,295,"Andhra Pradesh, India"
drlaxmanbjp,1565619564,Dr K Laxman,67007,337,"Hyderabad, India"
CRPaatil,305603067,C R Paatil,344375,530,"Surat, Gujrat"
AshokNeteMP,838666041416953856,Ashok Nete üáÆüá≥,20516,350,"Gadchiroli, New Delhi"
VipulGoelBJP,2754460730,Vipul Goel,44129,502,"Faridabad, Haryana"
MP_Meerut,2281013472,Rajendra Agrawal,30961,233,"Meerut, Uttar Pradesh"
mahendrabhatbjp,2692838006,Mahendra Bhatt MLA,5481,332,pokhari chamoli uttarakhand
BJP4Puducherry,753131004483760129,BJP Puducherry,23885,50,
BJP4Chandigarh,1562806872,BJP Chandigarh,50772,518,"Chandigarh, India"
JaunapuriaSS,2989732699,Sukhbir Jaunapuria,20033,1073,"Rajasthan, India"
rishibagree,147994804,Rishi Bagree,211039,1244,"Kolkata, India"
keshavupadhye,111240477,Keshav Upadhye,30771,303,"Maharashtra, India"
sureshbhattbjp,2245215054,Suresh Bhatt,34872,269,"Dehradun, India"
HRajaBJP,3306088051,H Raja,648092,619,"Chennai, India"
AnanthKumar_BJP,243023355,Ananthkumar,342392,300,Bengaluru
PratyushKanth,2955876798,Pratyush Kanth ‡§™‡•ç‡§∞‡§§‡•ç‡§Ø‡•Ç‡§∑ ‡§ï‡§Ç‡§† üáÆüá≥,8130,149,"New Delhi, India"
MrsGandhi,85657578,Priti Gandhi - ‡§™‡•ç‡§∞‡•Ä‡§§‡§ø ‡§ó‡§æ‡§Ç‡§ß‡•Ä,498588,1579,"Maharashtra, India"
shaileshINC,55993926,Shailesh Trivedi,18606,310,"Raipur, India"
RahulKothariBJP,252111450,Rahul Kothari Bjp,110168,1927,"Bhopal, India"
JoonBhupinder,1165570486878605312,Bhupinder Singh Joon,2282,25,"Bijwasan, New Delhi"